{
  "items": [
    {
      "type": "NO_ITEM"
    },
    {
      "type": "ITEM_REUSABLE_JUMP",
      "usage": "REUSABLE",
      "costs": [
        {
          "type": "RESOURCE_JUMP_ENERGY",
          "amount": 0.2
        }
      ],
      "benefits": [
        {
          "type": "RESOURCE_JUMP_ENERGY",
          "nInf": true
        }
      ]
    },
    {
      "type": "ITEM_AUTOMATIC_JUMP_ENERGY",
      "usage": "AUTOMATIC",
      "benefits": [
        {
          "type": "RESOURCE_JUMP_ENERGY",
          "amount": 1.0
        }
      ]
    }
  ]
}