{
  "backgroundLayers": [
    {
      "backgroundRows": [
        {
          "items": [
            "GRASSLAND_DIRT_WITH_GRASS_1",
            "GRASSLAND_DIRT_WITH_GRASS_2",
            "GRASSLAND_DIRT_WITH_GRASS_1",
            "GRASSLAND_DIRT_WITH_GRASS_2",
            "GRASSLAND_DIRT_WITH_GRASS_1",
            "GRASSLAND_DIRT_WITH_GRASS_2",
            "GRASSLAND_DIRT_WITH_GRASS_1",
            "GRASSLAND_DIRT_WITH_GRASS_2",
            "GRASSLAND_DIRT_WITH_GRASS_1"
          ]
        },
        {
          "items": [
            "DUNGEON_BEDROCK_2",
            "DUNGEON_BEDROCK_1",
            "DUNGEON_BEDROCK_2",
            "DUNGEON_BEDROCK_1",
            "DUNGEON_BEDROCK_2",
            "DUNGEON_BEDROCK_1",
            "DUNGEON_BEDROCK_2",
            "DUNGEON_BEDROCK_1",
            "DUNGEON_BEDROCK_2"
          ]
        },
        {
          "items": [
            "NO_SPRITE",
            "NO_SPRITE",
            "NO_SPRITE",
            "NO_SPRITE",
            "NO_SPRITE",
            "NO_SPRITE",
            "GRASSLAND_DIRT_1",
            "GRASSLAND_DIRT_1",
            "DUNGEON_COAL_1"
          ]
        },
        {
          "items": [
            "NO_SPRITE",
            "NO_SPRITE",
            "NO_SPRITE",
            "NO_SPRITE",
            "NO_SPRITE",
            "NO_SPRITE",
            "GRASSLAND_DIRT_1",
            "GRASSLAND_DIRT_1",
            "DUNGEON_COAL_2"
          ]
        },
        {
          "items": [
            "DUNGEON_BEDROCK_1",
            "DUNGEON_BEDROCK_2",
            "DUNGEON_BEDROCK_1",
            "DUNGEON_BEDROCK_2",
            "DUNGEON_BEDROCK_1",
            "DUNGEON_BEDROCK_2",
            "DUNGEON_BEDROCK_1",
            "DUNGEON_BEDROCK_2",
            "DUNGEON_BEDROCK_1"
          ]
        }
      ]
    },
    {
      "backgroundRows": [
        {
          "items": [
            "GRASSLAND_DIRT_WITH_GRASS_1",
            "GRASSLAND_DIRT_WITH_GRASS_2",
            "GRASSLAND_DIRT_WITH_GRASS_1",
            "GRASSLAND_DIRT_WITH_GRASS_2",
            "GRASSLAND_DIRT_WITH_GRASS_1",
            "GRASSLAND_DIRT_WITH_GRASS_2",
            "GRASSLAND_DIRT_WITH_GRASS_1",
            "GRASSLAND_DIRT_WITH_GRASS_2",
            "GRASSLAND_DIRT_WITH_GRASS_1"
          ]
        },
        {
          "items": [
            "DUNGEON_BEDROCK_2",
            "DUNGEON_BEDROCK_1",
            "DUNGEON_BEDROCK_2",
            "DUNGEON_BEDROCK_1",
            "DUNGEON_BEDROCK_2",
            "DUNGEON_BEDROCK_1",
            "DUNGEON_BEDROCK_2",
            "DUNGEON_BEDROCK_1",
            "DUNGEON_BEDROCK_2"
          ]
        },
        {
          "items": [
            "NO_SPRITE",
            "NO_SPRITE",
            "NO_SPRITE",
            "NO_SPRITE",
            "NO_SPRITE",
            "NO_SPRITE",
            "GRASSLAND_DIRT_1",
            "GRASSLAND_DIRT_1",
            "DUNGEON_COAL_1"
          ]
        },
        {
          "items": [
            "NO_SPRITE",
            "NO_SPRITE",
            "NO_SPRITE",
            "NO_SPRITE",
            "NO_SPRITE",
            "NO_SPRITE",
            "GRASSLAND_DIRT_1",
            "GRASSLAND_DIRT_1",
            "DUNGEON_COAL_2"
          ]
        },
        {
          "items": [
            "DUNGEON_BEDROCK_1",
            "DUNGEON_BEDROCK_2",
            "DUNGEON_BEDROCK_1",
            "DUNGEON_BEDROCK_2",
            "DUNGEON_BEDROCK_1",
            "DUNGEON_BEDROCK_2",
            "DUNGEON_BEDROCK_1",
            "DUNGEON_BEDROCK_2",
            "DUNGEON_BEDROCK_1"
          ]
        }
      ]
    }
  ],
  "objects": [
    {
      "position": {
        "x": 2,
        "y": 3
      },
      "type": "DWARF"
    },
    {
      "position": {
        "y": 3
      },
      "type": "BLACKSMITH"
    }
  ]
}