{
  "animations": [
    {
      "type": "NO_ANIMATION_TYPE"
    },
    {
      "type": "ANIMATION_TYPE_PLAYER_MOVEMENT",
      "fps": 10,
      "states": [
        {
          "type": "ANIMATION_STATE_START",
          "sprites": ["PLAYER_LOOKDOWN_00"]
        },
        {
          "type": "ANIMATION_STATE_IDLE",
          "sprites": []
        },
        {
          "type": "ANIMATION_STATE_WALKDOWN",
          "sprites": ["PLAYER_LOOKDOWN_00", "PLAYER_LOOKDOWN_01", "PLAYER_LOOKDOWN_00", "PLAYER_LOOKDOWN_02"]
        },
        {
          "type": "ANIMATION_STATE_WALKRIGHT",
          "sprites": ["PLAYER_LOOKRIGHT_00", "PLAYER_LOOKRIGHT_01", "PLAYER_LOOKRIGHT_00", "PLAYER_LOOKRIGHT_02"]
        },
        {
          "type": "ANIMATION_STATE_WALKUP",
          "sprites": ["PLAYER_LOOKUP_00", "PLAYER_LOOKUP_01", "PLAYER_LOOKUP_00", "PLAYER_LOOKUP_02"]
        },
        {
          "type": "ANIMATION_STATE_WALKLEFT",
          "sprites": ["PLAYER_LOOKLEFT_00", "PLAYER_LOOKLEFT_01", "PLAYER_LOOKLEFT_00", "PLAYER_LOOKLEFT_02"]
        }
      ],
      "initialState": "ANIMATION_STATE_START"
    },
    {
      "type": "ANIMATION_TYPE_SKELETON_MOVEMENT",
      "fps": 10,
      "states": [
        {
          "type": "ANIMATION_STATE_START",
          "sprites": ["SKELETON_LOOKDOWN_00"]
        },
        {
          "type": "ANIMATION_STATE_IDLE",
          "sprites": []
        },
        {
          "type": "ANIMATION_STATE_WALKDOWN",
          "sprites": ["SKELETON_LOOKDOWN_00", "SKELETON_LOOKDOWN_01", "SKELETON_LOOKDOWN_00", "SKELETON_LOOKDOWN_02"]
        },
        {
          "type": "ANIMATION_STATE_WALKRIGHT",
          "sprites": ["SKELETON_LOOKRIGHT_00", "SKELETON_LOOKRIGHT_01", "SKELETON_LOOKRIGHT_00", "SKELETON_LOOKRIGHT_02"]
        },
        {
          "type": "ANIMATION_STATE_WALKUP",
          "sprites": ["SKELETON_LOOKUP_00", "SKELETON_LOOKUP_01", "SKELETON_LOOKUP_00", "SKELETON_LOOKUP_02"]
        },
        {
          "type": "ANIMATION_STATE_WALKLEFT",
          "sprites": ["SKELETON_LOOKLEFT_00", "SKELETON_LOOKLEFT_01", "SKELETON_LOOKLEFT_00", "SKELETON_LOOKLEFT_02"]
        }
      ],
      "initialState": "ANIMATION_STATE_START"
    },
    {
      "type": "ANIMATION_TYPE_CUTEOPUS_MOVEMENT",
      "fps": 10,
      "states": [
        {
          "type": "ANIMATION_STATE_START",
          "sprites": ["CUTEOPUS_LOOKDOWN_00"]
        },
        {
          "type": "ANIMATION_STATE_IDLE",
          "sprites": []
        },
        {
          "type": "ANIMATION_STATE_WALKDOWN",
          "sprites": ["CUTEOPUS_LOOKDOWN_00", "CUTEOPUS_LOOKDOWN_01", "CUTEOPUS_LOOKDOWN_00", "CUTEOPUS_LOOKDOWN_02"]
        },
        {
          "type": "ANIMATION_STATE_WALKRIGHT",
          "sprites": ["CUTEOPUS_LOOKRIGHT_00", "CUTEOPUS_LOOKRIGHT_01", "CUTEOPUS_LOOKRIGHT_00", "CUTEOPUS_LOOKRIGHT_02"]
        },
        {
          "type": "ANIMATION_STATE_WALKUP",
          "sprites": ["CUTEOPUS_LOOKUP_00", "CUTEOPUS_LOOKUP_01", "CUTEOPUS_LOOKUP_00", "CUTEOPUS_LOOKUP_02"]
        },
        {
          "type": "ANIMATION_STATE_WALKLEFT",
          "sprites": ["CUTEOPUS_LOOKLEFT_00", "CUTEOPUS_LOOKLEFT_01", "CUTEOPUS_LOOKLEFT_00", "CUTEOPUS_LOOKLEFT_02"]
        }
      ],
      "initialState": "ANIMATION_STATE_START"
    }
  ]
}