{
  "enemies": [
    {
      "objectType": "SKELETON",
      "animationType": "ANIMATION_TYPE_SKELETON_MOVEMENT",
      "ai": {
        "capabilities": ["CAPABILITY_MELEE"],
        "triggerDistance": 5.0,
        "hitTriggerDistance": 15.0,
        "attackDistance": 0.75,
        "recalculationPeriod": 0.5,
        "chaser": {
          "giveUpDistance": 10.0
        }
      }
    },
    {
      "objectType": "CUTEOPUS",
      "animationType": "ANIMATION_TYPE_CUTEOPUS_MOVEMENT",
      "ai": {
        "capabilities": ["CAPABILITY_RANGED"],
        "triggerDistance": 6.0,
        "attackDistance": 3,
        "recalculationPeriod": 0.4,
        "hitNRun": {}
      }
    }
  ]
}