{
  "items": [
    {
      "type": "NO_ITEM"
    },
    {
      "type": "ITEM_CONSUMABLE_HP_POTION_20",
      "usage": "CONSUMABLE",
      "useOnAcquire": true,
      "benefits": [
        {
          "type": "RESOURCE_HP",
          "amount": 0.2
        }
      ],
      "uiSprite": "SPRITE_HP_POTION_20"
    },
    {
      "type": "ITEM_CONSUMABLE_HP_POTION_80",
      "usage": "CONSUMABLE",
      "useOnAcquire": true,
      "benefits": [
        {
          "type": "RESOURCE_HP",
          "amount": 0.8
        }
      ],
      "uiSprite": "SPRITE_HP_POTION_80"
    },
    {
      "type": "ITEM_REUSABLE_DASH_2S",
      "usage": "REUSABLE",
      "costs": [
        {
          "type": "RESOURCE_DASH_ENERGY",
          "amount": 2.0
        }
      ],
      "benefits": [
        {
          "type": "RESOURCE_DASH_ENERGY",
          "nInf": true
        }
      ]
    },
    {
      "type": "ITEM_REUSABLE_GUN",
      "category": "ITEM_CATEGORY_DEFAULT_RANGED_WEAPON",
      "usage": "REUSABLE",
      "costs": [
        {
          "type": "RESOURCE_RANGED_ENERGY",
          "amount": 0.3
        }
      ],
      "benefits": [
        {
          "type": "RESOURCE_RANGED_ENERGY",
          "nInf": true
        }
      ],
      "attributes": [
        {
          "type": "ATTRIBUTE_LINEAR_SPEED",
          "amount": 20
        },
        {
          "type": "ATTRIBUTE_ANGULAR_ACCURACY",
          "amount": 0.984
        },
        {
          "type": "ATTRIBUTE_AVERAGE_DAMAGE",
          "amount": 0.30
        },
        {
          "type": "ATTRIBUTE_DAMAGE_ACCURACY",
          "amount": 0.9
        },
        {
          "type": "ATTRIBUTE_AVERAGE_TTL",
          "amount": 0.55
        },
        {
          "type": "ATTRIBUTE_TTL_ACCURACY",
          "amount": 0.9
        }
      ],
      "gameSprite": "GUN_BULLET"
    },
    {
      "type": "ITEM_REUSABLE_MACHINE_GUN",
      "category": "ITEM_CATEGORY_SPECIAL_RANGED_WEAPON",
      "usage": "REUSABLE",
      "costs": [
        {
          "type": "RESOURCE_RANGED_ENERGY",
          "amount": 0.08
        },
        {
          "type": "RESOURCE_SPECIAL_RANGED_WEAPON_AMMO",
          "amount": 1.0
        }
      ],
      "benefits": [
        {
          "type": "RESOURCE_RANGED_ENERGY",
          "nInf": true
        }
      ],
      "acquireBenefits": [
        {
          "type": "RESOURCE_SPECIAL_RANGED_WEAPON_AMMO",
          "amount": 80
        }
      ],
      "attributes": [
        {
          "type": "ATTRIBUTE_LINEAR_SPEED",
          "amount": 20
        },
        {
          "type": "ATTRIBUTE_ANGULAR_ACCURACY",
          "amount": 0.965
        },
        {
          "type": "ATTRIBUTE_AVERAGE_DAMAGE",
          "amount": 0.30
        },
        {
          "type": "ATTRIBUTE_DAMAGE_ACCURACY",
          "amount": 0.9
        },
        {
          "type": "ATTRIBUTE_AVERAGE_TTL",
          "amount": 0.50
        },
        {
          "type": "ATTRIBUTE_TTL_ACCURACY",
          "amount": 0.9
        }
      ],
      "gameSprite": "MACHINE_GUN_BULLET",
      "uiSprite": "MACHINE_GUN_ICON"
    },
    {
      "type": "ITEM_REUSABLE_EXPLOSIVE",
      "category": "ITEM_CATEGORY_SPECIAL_RANGED_WEAPON",
      "usage": "REUSABLE",
      "costs": [
        {
          "type": "RESOURCE_RANGED_ENERGY",
          "amount": 1.0
        },
        {
          "type": "RESOURCE_SPECIAL_RANGED_WEAPON_AMMO",
          "amount": 1.0
        }
      ],
      "benefits": [
        {
          "type": "RESOURCE_RANGED_ENERGY",
          "nInf": true
        }
      ],
      "acquireBenefits": [
        {
          "type": "RESOURCE_SPECIAL_RANGED_WEAPON_AMMO",
          "amount": 8
        }
      ],
      "attributes": [
        {
          "type": "ATTRIBUTE_LINEAR_SPEED",
          "amount": 1.5
        },
        {
          "type": "ATTRIBUTE_ANGULAR_ACCURACY",
          "amount": 1
        },
        {
          "type": "ATTRIBUTE_AVERAGE_DAMAGE",
          "amount": 1
        },
        {
          "type": "ATTRIBUTE_DAMAGE_ACCURACY",
          "amount": 0.95
        },
        {
          "type": "ATTRIBUTE_DAMAGE_RADIUS",
          "amount": 2
        },
        {
          "type": "ATTRIBUTE_AVERAGE_TTL",
          "amount": 3.5
        },
        {
          "type": "ATTRIBUTE_TTL_ACCURACY",
          "amount": 0.75
        }
      ],
      "gameSprite": "EXPLOSIVE_BULLET",
      "uiSprite": "EXPLOSIVE_ICON"
    },
    {
      "type": "ITEM_REUSABLE_SWORD",
      "category": "ITEM_CATEGORY_DEFAULT_MELEE_WEAPON",
      "usage": "REUSABLE",
      "costs": [
        {
          "type": "RESOURCE_MELEE_ENERGY",
          "amount": 0.4
        }
      ],
      "benefits": [
        {
          "type": "RESOURCE_MELEE_ENERGY",
          "nInf": true
        }
      ],
      "attributes": [
        {
          "type": "ATTRIBUTE_AVERAGE_DAMAGE",
          "amount": 0.25
        },
        {
          "type": "ATTRIBUTE_DAMAGE_ACCURACY",
          "amount": 0.9
        },
        {
          "type": "ATTRIBUTE_AVERAGE_TTL",
          "amount": 0.25
        }
      ],
      "gameSprite": "SWORD"
    },
    {
      "type": "ITEM_REUSABLE_ENEMY_SWORD",
      "category": "ITEM_CATEGORY_DEFAULT_MELEE_WEAPON",
      "usage": "REUSABLE",
      "costs": [
        {
          "type": "RESOURCE_MELEE_ENERGY",
          "amount": 1
        }
      ],
      "benefits": [
        {
          "type": "RESOURCE_MELEE_ENERGY",
          "nInf": true
        }
      ],
      "attributes": [
        {
          "type": "ATTRIBUTE_AVERAGE_DAMAGE",
          "amount": 0.225
        },
        {
          "type": "ATTRIBUTE_DAMAGE_ACCURACY",
          "amount": 0.9
        },
        {
          "type": "ATTRIBUTE_AVERAGE_TTL",
          "amount": 0.3
        }
      ],
      "gameSprite": "SWORD"
    },
    {
      "type": "ITEM_REUSABLE_LONG_SWORD",
      "category": "ITEM_CATEGORY_SPECIAL_MELEE_WEAPON",
      "usage": "REUSABLE",
      "costs": [
        {
          "type": "RESOURCE_MELEE_ENERGY",
          "amount": 1.0
        }
      ],
      "benefits": [
        {
          "type": "RESOURCE_MELEE_ENERGY",
          "nInf": true
        }
      ],
      "attributes": [
        {
          "type": "ATTRIBUTE_AVERAGE_DAMAGE",
          "amount": 0.65
        },
        {
          "type": "ATTRIBUTE_DAMAGE_ACCURACY",
          "amount": 0.9
        },
        {
          "type": "ATTRIBUTE_AVERAGE_TTL",
          "amount": 0.45
        }
      ],
      "gameSprite": "LONGSWORD",
      "uiSprite": "LONGSWORD_ICON"
    },
    {
      "type": "ITEM_REUSABLE_AXE",
      "category": "ITEM_CATEGORY_SPECIAL_MELEE_WEAPON",
      "usage": "REUSABLE",
      "costs": [
        {
          "type": "RESOURCE_MELEE_ENERGY",
          "amount": 0.25
        }
      ],
      "benefits": [
        {
          "type": "RESOURCE_MELEE_ENERGY",
          "nInf": true
        }
      ],
      "attributes": [
        {
          "type": "ATTRIBUTE_AVERAGE_DAMAGE",
          "amount": 0.45
        },
        {
          "type": "ATTRIBUTE_DAMAGE_ACCURACY",
          "amount": 0.9
        },
        {
          "type": "ATTRIBUTE_AVERAGE_TTL",
          "amount": 0.15
        }
      ],
      "gameSprite": "AXE",
      "uiSprite": "AXE_ICON"
    },
    {
      "type": "ITEM_AUTOMATIC_TTL",
      "usage": "AUTOMATIC",
      "benefits": [
        {
          "type": "RESOURCE_TTL",
          "amount": -1.0
        }
      ]
    },
    {
      "type": "ITEM_AUTOMATIC_EXPLOSIVE_TTL",
      "usage": "AUTOMATIC",
      "benefits": [
        {
          "type": "RESOURCE_EXPLOSION_TTL",
          "amount": -1.0
        }
      ]
    },
    {
      "type": "ITEM_AUTOMATIC_STUN_TTL",
      "usage": "AUTOMATIC",
      "benefits": [
        {
          "type": "RESOURCE_STUN_TTL",
          "amount": -1.0
        }
      ]
    },
    {
      "type": "ITEM_AUTOMATIC_DAMAGE_EFFECT_TTL",
      "usage": "AUTOMATIC",
      "benefits": [
        {
          "type": "RESOURCE_DAMAGE_EFFECT_TTL",
          "amount": -1.0
        }
      ]
    },
    {
      "type": "ITEM_AUTOMATIC_DASH_ENERGY",
      "usage": "AUTOMATIC",
      "benefits": [
        {
          "type": "RESOURCE_DASH_ENERGY",
          "amount": 1.0
        }
      ]
    },
    {
      "type": "ITEM_AUTOMATIC_RANGED_ENERGY",
      "usage": "AUTOMATIC",
      "benefits": [
        {
          "type": "RESOURCE_RANGED_ENERGY",
          "amount": 1.0
        }
      ]
    },
    {
      "type": "ITEM_AUTOMATIC_MELEE_ENERGY",
      "usage": "AUTOMATIC",
      "benefits": [
        {
          "type": "RESOURCE_MELEE_ENERGY",
          "amount": 1.0
        }
      ]
    }
  ]
}