{
  "bpm":120,
  "tracks":[
    {
      "sound":{
        "shape":"TRIANGLE",
        "amplitude":1
      },
      "notes":[
        {
          "startBeat":{
            "n":0,
            "d":1
          },
          "duration":{
            "n":2,
            "d":1
          },
          "frequency":120,
          "volume":1
        }
      ],
      "volume":0.25
    },
    {
      "sound":{
        "shape":"SINE",
        "amplitude":1
      },
      "notes":[
        {
          "startBeat":{
            "n":2,
            "d":1
          },
          "duration":{
            "n":2,
            "d":1
          },
          "frequency":120,
          "volume":1
        }
      ],
      "volume":0.25
    },
    {
      "sound":{
        "shape":"NOISE",
        "amplitude":1
      },
      "notes":[
        {
          "startBeat":{
            "n":0,
            "d":1
          },
          "duration":{
            "n":1,
            "d":8
          },
          "volume":1
        },
        {
          "startBeat":{
            "n":1,
            "d":1
          },
          "duration":{
            "n":1,
            "d":8
          },
          "volume":1
        },
        {
          "startBeat":{
            "n":2,
            "d":1
          },
          "duration":{
            "n":1,
            "d":8
          },
          "volume":1
        },
        {
          "startBeat":{
            "n":3,
            "d":1
          },
          "duration":{
            "n":1,
            "d":8
          },
          "volume":1
        }
      ],
      "volume":0.25
    }
  ]
}